{"cameraMode":{"drawMode":0,"name":"Shaded","section":"Shading Mode"},"sceneLighting":true,"audioPlay":false,"sceneViewState":{"showFog":true,"showMaterialUpdate":false,"showSkybox":true,"showFlares":true,"showImageEffects":true,"showParticleSystems":true},"in2DMode":false,"pivot":{"x":-0.8941407203674316,"y":2.8762717247009279,"z":-0.3913588523864746},"rotation":{"x":-0.031233200803399087,"y":0.9140320420265198,"z":-0.07172422111034394,"w":-0.3980269432067871},"size":10.0,"orthographic":false}