{"cameraMode":{"drawMode":0,"name":"Shaded","section":"Shading Mode"},"sceneLighting":false,"audioPlay":false,"sceneViewState":{"showFog":false,"showMaterialUpdate":false,"showSkybox":false,"showFlares":false,"showImageEffects":false,"showParticleSystems":false},"in2DMode":false,"pivot":{"x":0.0017941594123840333,"y":0.5690679550170898,"z":0.44966673851013186},"rotation":{"x":0.15628372132778169,"y":-0.7995005249977112,"z":0.2358093410730362,"w":0.5298758149147034},"size":5.180441379547119,"orthographic":false}