{"cameraMode":{"drawMode":0,"name":"Shaded","section":"Shading Mode"},"sceneLighting":false,"audioPlay":false,"sceneViewState":{"showFog":false,"showMaterialUpdate":false,"showSkybox":false,"showFlares":false,"showImageEffects":false,"showParticleSystems":false},"in2DMode":false,"pivot":{"x":-2.384185791015625e-7,"y":0.18923360109329225,"z":0.6801244616508484},"rotation":{"x":0.15628372132778169,"y":-0.7995005249977112,"z":0.2358093410730362,"w":0.5298758149147034},"size":9.595714569091797,"orthographic":false}