{"cameraMode":{"drawMode":0,"name":"Shaded","section":"Shading Mode"},"sceneLighting":true,"audioPlay":false,"sceneViewState":{"showFog":false,"showMaterialUpdate":false,"showSkybox":false,"showFlares":false,"showImageEffects":false,"showParticleSystems":false},"in2DMode":false,"pivot":{"x":93.26717376708985,"y":14.521462440490723,"z":25.4385929107666},"rotation":{"x":0.05220774561166763,"y":0.9331569075584412,"z":-0.15137197077274323,"w":0.32183700799942019},"size":27.025461196899415,"orthographic":false}