{"cameraMode":{"drawMode":0,"name":"Shaded","section":"Shading Mode"},"sceneLighting":false,"audioPlay":false,"sceneViewState":{"showFog":false,"showMaterialUpdate":false,"showSkybox":false,"showFlares":false,"showImageEffects":false,"showParticleSystems":false},"in2DMode":false,"pivot":{"x":1.1920928955078126e-7,"y":0.4259331226348877,"z":0.347784161567688},"rotation":{"x":0.15628372132778169,"y":-0.7995005249977112,"z":0.2358093410730362,"w":0.5298758149147034},"size":9.867043495178223,"orthographic":false}