{"cameraMode":{"drawMode":0,"name":"Shaded","section":"Shading Mode"},"sceneLighting":true,"audioPlay":false,"sceneViewState":{"showFog":true,"showMaterialUpdate":false,"showSkybox":true,"showFlares":true,"showImageEffects":true,"showParticleSystems":true},"in2DMode":false,"pivot":{"x":-5.604103088378906,"y":9.823478698730469,"z":-3.9685146808624269},"rotation":{"x":-0.18868450820446015,"y":-0.00021181862393859774,"z":0.00006055693665985018,"w":-0.9820924997329712},"size":0.14642387628555299,"orthographic":false}