{"cameraMode":{"drawMode":0,"name":"Shaded","section":"Shading Mode"},"sceneLighting":false,"audioPlay":false,"sceneViewState":{"showFog":false,"showMaterialUpdate":false,"showSkybox":false,"showFlares":false,"showImageEffects":false,"showParticleSystems":false},"in2DMode":false,"pivot":{"x":163.81700134277345,"y":39.16091537475586,"z":26.920581817626954},"rotation":{"x":-0.0017753710271790624,"y":-0.9979915022850037,"z":0.054256685078144076,"w":-0.032651741057634357},"size":2.2993221282958986,"orthographic":false}