{"cameraMode":{"drawMode":0,"name":"Shaded","section":"Shading Mode"},"sceneLighting":false,"audioPlay":false,"sceneViewState":{"showFog":false,"showMaterialUpdate":false,"showSkybox":false,"showFlares":false,"showImageEffects":false,"showParticleSystems":false},"in2DMode":false,"pivot":{"x":-57.34000015258789,"y":1.340000033378601,"z":59.029998779296878},"rotation":{"x":0.16127994656562806,"y":-0.23440557718276978,"z":0.03946860507130623,"w":0.9578544497489929},"size":5.309877872467041,"orthographic":false}