{"cameraMode":{"drawMode":0,"name":"Shaded","section":"Shading Mode"},"sceneLighting":true,"audioPlay":false,"sceneViewState":{"showFog":false,"showMaterialUpdate":false,"showSkybox":false,"showFlares":false,"showImageEffects":false,"showParticleSystems":false},"in2DMode":false,"pivot":{"x":171.63169860839845,"y":36.777095794677737,"z":16.283504486083986},"rotation":{"x":0.01590721309185028,"y":0.9729127287864685,"z":-0.07047669589519501,"w":0.2195923626422882},"size":17.398902893066408,"orthographic":false}