{"cameraMode":{"drawMode":0,"name":"Shaded","section":"Shading Mode"},"sceneLighting":true,"audioPlay":false,"sceneViewState":{"showFog":false,"showMaterialUpdate":false,"showSkybox":false,"showFlares":false,"showImageEffects":false,"showParticleSystems":false},"in2DMode":false,"pivot":{"x":165.26730346679688,"y":38.126312255859378,"z":14.502019882202149},"rotation":{"x":-0.0009895353578031064,"y":-0.9990042448043823,"z":0.03329173102974892,"w":-0.029687875881791116},"size":17.398902893066408,"orthographic":false}