{"cameraMode":{"drawMode":0,"name":"Shaded","section":"Shading Mode"},"sceneLighting":false,"audioPlay":false,"sceneViewState":{"showFog":true,"showMaterialUpdate":false,"showSkybox":false,"showFlares":true,"showImageEffects":true,"showParticleSystems":true},"in2DMode":false,"pivot":{"x":21.678592681884767,"y":6.095176696777344,"z":85.69760131835938},"rotation":{"x":-0.25086870789527895,"y":-0.041033342480659488,"z":0.010644027031958104,"w":-0.9670957922935486},"size":24.35322380065918,"orthographic":false}